{
    "mixtral-8x7b-instruct-v01": {
        "punchlines": {
            "dice_similarity": 0.5436144598986802,
            "jaccard_similarity": 0.41230202604209487,
            "levenshtein_distance": 25.26736842105263,
            "hit_rate_pre_treatment": 0.9894736842105263,
            "hit_rate": 0.9894736842105263
        },
        "texts_explanations": 3.3628691983122363
    },
    "granite-3-3-8b-instruct": {
        "punchlines": {
            "dice_similarity": 0.5282609896234128,
            "jaccard_similarity": 0.3997352914132536,
            "levenshtein_distance": 31.28842105263158,
            "hit_rate_pre_treatment": 0.8421052631578947,
            "hit_rate": 0.9452631578947368
        },
        "comic_styles": {
            "f1_score": {
                "fun": 0.0,
                "humor": 0.2222222222222222,
                "nonsense": 0.0,
                "wit": 0.30501089324618735,
                "irony": 0.20245398773006135,
                "satire": 0.11320754716981132,
                "sarcasm": 0.16260162601626016,
                "cynicism": 0.06060606060606061
            },
            "precision": {
                "fun": 0.0,
                "humor": 0.8333333333333334,
                "nonsense": 0.0,
                "wit": 0.7142857142857143,
                "irony": 0.5,
                "satire": 0.23076923076923078,
                "sarcasm": 0.35714285714285715,
                "cynicism": 0.21428571428571427
            },
            "recall": {
                "fun": 0.0,
                "humor": 0.1282051282051282,
                "nonsense": 0.0,
                "wit": 0.19390581717451524,
                "irony": 0.12692307692307692,
                "satire": 0.075,
                "sarcasm": 0.10526315789473684,
                "cynicism": 0.03529411764705882
            },
            "accuracy": {
                "fun": 0.2336842105263158,
                "humor": 0.3368421052631579,
                "nonsense": 0.6989473684210527,
                "wit": 0.32842105263157895,
                "irony": 0.45263157894736844,
                "satire": 0.8021052631578948,
                "sarcasm": 0.5663157894736842,
                "cynicism": 0.8042105263157895
            },
            "f1_macro": 0.13326279212382539,
            "f1_micro": 0.164804469273743,
            "hit_rate_pre_treatment": 0.0,
            "hit_rate": 1.0
        },
        "texts_explanations": 3.642105263157895
    },
    "gemini-2.5-flash": {
        "punchlines": {
            "dice_similarity": 0.6778335081234601,
            "jaccard_similarity": 0.5606147184303101,
            "levenshtein_distance": 19.029473684210526,
            "hit_rate_pre_treatment": 0.9936842105263158,
            "hit_rate": 0.9936842105263158
        },
        "comic_styles": {
            "f1_score": {
                "fun": 0.7873563218390804,
                "humor": 0.5658914728682171,
                "nonsense": 0.5253456221198156,
                "wit": 0.8318122555410691,
                "irony": 0.5406593406593406,
                "satire": 0.44047619047619047,
                "sarcasm": 0.5017421602787456,
                "cynicism": 0.36036036036036034
            },
            "precision": {
                "fun": 0.8253012048192772,
                "humor": 0.8848484848484849,
                "nonsense": 0.3917525773195876,
                "wit": 0.7857142857142857,
                "irony": 0.6307692307692307,
                "satire": 0.42045454545454547,
                "sarcasm": 0.7422680412371134,
                "cynicism": 0.24193548387096775
            },
            "recall": {
                "fun": 0.7527472527472527,
                "humor": 0.41595441595441596,
                "nonsense": 0.7972027972027972,
                "wit": 0.8836565096952909,
                "irony": 0.47307692307692306,
                "satire": 0.4625,
                "sarcasm": 0.37894736842105264,
                "cynicism": 0.7058823529411765
            },
            "accuracy": {
                "fun": 0.6884210526315789,
                "humor": 0.5284210526315789,
                "nonsense": 0.5663157894736842,
                "wit": 0.728421052631579,
                "irony": 0.56,
                "satire": 0.8021052631578948,
                "sarcasm": 0.6989473684210527,
                "cynicism": 0.5515789473684211
            },
            "f1_macro": 0.5692054655178524,
            "f1_micro": 0.6263676148796499,
            "hit_rate_pre_treatment": 1.0,
            "hit_rate": 1.0
        },
        "texts_explanations": 4.635789473684211
    },
    "gpt-4": {
        "punchlines": {
            "dice_similarity": 0.7286309002872607,
            "jaccard_similarity": 0.6064354369207384,
            "levenshtein_distance": 24.04,
            "hit_rate_pre_treatment": 0.9978947368421053,
            "hit_rate": 0.9978947368421053
        },
        "comic_styles": {
            "f1_score": {
                "fun": 0.8515111695137977,
                "humor": 0.5561904761904762,
                "nonsense": 0.508235294117647,
                "wit": 0.7623188405797101,
                "irony": 0.5996055226824457,
                "satire": 0.5191489361702127,
                "sarcasm": 0.48427672955974843,
                "cynicism": 0.31213872832369943
            },
            "precision": {
                "fun": 0.8161209068010076,
                "humor": 0.8390804597701149,
                "nonsense": 0.3829787234042553,
                "wit": 0.7993920972644377,
                "irony": 0.6153846153846154,
                "satire": 0.3935483870967742,
                "sarcasm": 0.6015625,
                "cynicism": 0.3068181818181818
            },
            "recall": {
                "fun": 0.8901098901098901,
                "humor": 0.41595441595441596,
                "nonsense": 0.7552447552447552,
                "wit": 0.7285318559556787,
                "irony": 0.5846153846153846,
                "satire": 0.7625,
                "sarcasm": 0.4052631578947368,
                "cynicism": 0.3176470588235294
            },
            "accuracy": {
                "fun": 0.7621052631578947,
                "humor": 0.5094736842105263,
                "nonsense": 0.56,
                "wit": 0.6547368421052632,
                "irony": 0.5726315789473684,
                "satire": 0.7621052631578947,
                "sarcasm": 0.6547368421052632,
                "cynicism": 0.7494736842105263
            },
            "f1_macro": 0.5741782121422172,
            "f1_micro": 0.6373142542652724,
            "hit_rate_pre_treatment": 1.0,
            "hit_rate": 1.0
        },
        "texts_explanations": 4.282105263157895
    },
    "llama-3-405b-instruct": {
        "punchlines": {
            "dice_similarity": 0.590931409026572,
            "jaccard_similarity": 0.469323732087723,
            "levenshtein_distance": 24.12842105263158,
            "hit_rate_pre_treatment": 0.9831578947368421,
            "hit_rate": 0.9936842105263158
        },
        "comic_styles": {
            "f1_score": {
                "fun": 0.8388746803069054,
                "humor": 0.7385103011093502,
                "nonsense": 0.4563106796116505,
                "wit": 0.845771144278607,
                "irony": 0.6635071090047393,
                "satire": 0.4293193717277487,
                "sarcasm": 0.577962577962578,
                "cynicism": 0.36
            },
            "precision": {
                "fun": 0.784688995215311,
                "humor": 0.8321428571428572,
                "nonsense": 0.34944237918215615,
                "wit": 0.7674943566591422,
                "irony": 0.5630026809651475,
                "satire": 0.36936936936936937,
                "sarcasm": 0.47766323024054985,
                "cynicism": 0.23773584905660378
            },