{
    "gemini-2.5-flash": {
        "punchlines": {
            "dice_similarity": 0.6815639760736736,
            "jaccard_similarity": 0.5632854813591375,
            "levenshtein_distance": 18.928421052631577
        },
        "comic_styles": {
            "f1_score": {
                "fun": 0.7614678899082569,
                "humor": 0.46835443037974683,
                "nonsense": 0.5540540540540541,
                "wit": 0.8148148148148148,
                "irony": 0.5534591194968553,
                "satire": 0.37735849056603776,
                "sarcasm": 0.5510204081632653,
                "cynicism": 0.29357798165137616
            },
            "f1_macro": 0.5467633986293009,
            "f1_micro": 0.6020236087689713,
            "hamming_loss": 0.38311688311688313
        },
        "texts_explanations": 4.635789473684211
    },
    "gpt-4": {
        "punchlines": {
            "dice_similarity": 0.7301447973895671,
            "jaccard_similarity": 0.6076173390444688,
            "levenshtein_distance": 24.05263157894737
        },
        "comic_styles": {
            "f1_score": {
                "fun": 0.8515111695137977,
                "humor": 0.5561904761904762,
                "nonsense": 0.508235294117647,
                "wit": 0.7623188405797101,
                "irony": 0.5996055226824457,
                "satire": 0.5191489361702127,
                "sarcasm": 0.48427672955974843,
                "cynicism": 0.31213872832369943
            },
            "f1_macro": 0.5741782121422172,
            "f1_micro": 0.6373142542652724,
            "hamming_loss": 0.3468421052631579
        },
        "texts_explanations": 4.282105263157895
    }
}