{
    "granite-3-3-8b-instruct": {
        "punchlines": {
            "dice_similarity": 0.5282609896234128,
            "jaccard_similarity": 0.3997352914132536,
            "levenshtein_distance": 31.28842105263158,
            "hit_rate_pre_treatment": 0.8421052631578947,
            "hit_rate": 0.9452631578947368
        },
        "comic_styles": {
            "f1_score": {
                "fun": 0.0,
                "humor": 0.2222222222222222,
                "nonsense": 0.0,
                "wit": 0.30501089324618735,
                "irony": 0.20245398773006135,
                "satire": 0.11320754716981132,
                "sarcasm": 0.16260162601626016,
                "cynicism": 0.06060606060606061
            },
            "precision": {
                "fun": 0.0,
                "humor": 0.8333333333333334,
                "nonsense": 0.0,
                "wit": 0.7142857142857143,
                "irony": 0.5,
                "satire": 0.23076923076923078,
                "sarcasm": 0.35714285714285715,
                "cynicism": 0.21428571428571427
            },
            "recall": {
                "fun": 0.0,
                "humor": 0.1282051282051282,
                "nonsense": 0.0,
                "wit": 0.19390581717451524,
                "irony": 0.12692307692307692,
                "satire": 0.075,
                "sarcasm": 0.10526315789473684,
                "cynicism": 0.03529411764705882
            },
            "accuracy": {
                "fun": 0.2336842105263158,
                "humor": 0.3368421052631579,
                "nonsense": 0.6989473684210527,
                "wit": 0.32842105263157895,
                "irony": 0.45263157894736844,
                "satire": 0.8021052631578948,
                "sarcasm": 0.5663157894736842,
                "cynicism": 0.8042105263157895
            },
            "f1_macro": 0.13326279212382539,
            "f1_micro": 0.164804469273743,
            "hamming_loss": 0.47210526315789475,
            "hit_rate_pre_treatment": 0.0,
            "hit_rate": 1.0
        },
        "texts_explanations": 3.642105263157895
    },
    "gemini-2.5-flash": {
        "punchlines": {
            "dice_similarity": 0.6778335081234601,
            "jaccard_similarity": 0.5606147184303101,
            "levenshtein_distance": 19.029473684210526,
            "hit_rate_pre_treatment": 0.9936842105263158,
            "hit_rate": 0.9936842105263158
        },
        "comic_styles": {
            "f1_score": {
                "fun": 0.788235294117647,
                "humor": 0.5657370517928287,
                "nonsense": 0.5221445221445221,
                "wit": 0.8299866131191432,
                "irony": 0.5483146067415731,
                "satire": 0.4294478527607362,
                "sarcasm": 0.505338078291815,
                "cynicism": 0.3569230769230769
            },
            "precision": {
                "fun": 0.8246153846153846,
                "humor": 0.8819875776397516,
                "nonsense": 0.3888888888888889,
                "wit": 0.7848101265822784,
                "irony": 0.6387434554973822,
                "satire": 0.4117647058823529,
                "sarcasm": 0.7473684210526316,
                "cynicism": 0.2396694214876033
            },
            "recall": {
                "fun": 0.7549295774647887,
                "humor": 0.41642228739002934,
                "nonsense": 0.7943262411347518,
                "wit": 0.8806818181818182,
                "irony": 0.48031496062992124,
                "satire": 0.44871794871794873,
                "sarcasm": 0.3817204301075269,
                "cynicism": 0.6987951807228916
            },
            "accuracy": {
                "fun": 0.6896551724137931,
                "humor": 0.5301724137931034,
                "nonsense": 0.5581896551724138,
                "wit": 0.7262931034482759,
                "irony": 0.5668103448275862,
                "satire": 0.7995689655172413,
                "sarcasm": 0.7004310344827587,
                "cynicism": 0.5495689655172413
            },
            "f1_macro": 0.5682658869864178,
            "f1_micro": 0.6259798432250839,
            "hamming_loss": 0.3599137931034483,
            "hit_rate_pre_treatment": 1.0,
            "hit_rate": 1.0
        },
        "texts_explanations": 4.635789473684211
    },
    "gpt-4": {
        "punchlines": {
            "dice_similarity": 0.7286309002872607,
            "jaccard_similarity": 0.6064354369207384,
            "levenshtein_distance": 24.04,
            "hit_rate_pre_treatment": 0.9978947368421053,
            "hit_rate": 0.9978947368421053
        },
        "comic_styles": {
            "f1_score": {
                "fun": 0.8515111695137977,
                "humor": 0.5561904761904762,
                "nonsense": 0.508235294117647,
                "wit": 0.7623188405797101,
                "irony": 0.5996055226824457,
                "satire": 0.5191489361702127,
                "sarcasm": 0.48427672955974843,
                "cynicism": 0.31213872832369943
            },
            "precision": {
                "fun": 0.8161209068010076,
                "humor": 0.8390804597701149,
                "nonsense": 0.3829787234042553,
                "wit": 0.7993920972644377,
                "irony": 0.6153846153846154,
                "satire": 0.3935483870967742,
                "sarcasm": 0.6015625,
                "cynicism": 0.3068181818181818
            },
            "recall": {
                "fun": 0.8901098901098901,
                "humor": 0.41595441595441596,
                "nonsense": 0.7552447552447552,
                "wit": 0.7285318559556787,
                "irony": 0.5846153846153846,
                "satire": 0.7625,
                "sarcasm": 0.4052631578947368,
                "cynicism": 0.3176470588235294
            },
            "accuracy": {
                "fun": 0.7621052631578947,
                "humor": 0.5094736842105263,
                "nonsense": 0.56,
                "wit": 0.6547368421052632,
                "irony": 0.5726315789473684,
                "satire": 0.7621052631578947,
                "sarcasm": 0.6547368421052632,
                "cynicism": 0.7494736842105263
            },
            "f1_macro": 0.5741782121422172,
            "f1_micro": 0.6373142542652724,
            "hamming_loss": 0.3468421052631579,
            "hit_rate_pre_treatment": 1.0,
            "hit_rate": 1.0
        },
        "texts_explanations": 4.282105263157895
    },
    "llama-3-405b-instruct": {
        "punchlines": {
            "dice_similarity": 0.590931409026572,
            "jaccard_similarity": 0.469323732087723,
            "levenshtein_distance": 24.12842105263158,
            "hit_rate_pre_treatment": 0.9831578947368421,
            "hit_rate": 0.9936842105263158
        },
        "comic_styles": {
            "f1_score": {
                "fun": 0.8388746803069054,
                "humor": 0.7385103011093502,
                "nonsense": 0.4563106796116505,
                "wit": 0.845771144278607,
                "irony": 0.6635071090047393,
                "satire": 0.4293193717277487,
                "sarcasm": 0.577962577962578,
                "cynicism": 0.36
            },
            "precision": {
                "fun": 0.784688995215311,
                "humor": 0.8321428571428572,
                "nonsense": 0.34944237918215615,
                "wit": 0.7674943566591422,
                "irony": 0.5630026809651475,
                "satire": 0.36936936936936937,
                "sarcasm": 0.47766323024054985,
                "cynicism": 0.23773584905660378
            },
            "recall": {
                "fun": 0.9010989010989011,
                "humor": 0.6638176638176638,
                "nonsense": 0.6573426573426573,
                "wit": 0.9418282548476454,
                "irony": 0.8076923076923077,