{
    "gemini-2.5-flash": {
        "punchlines": {
            "dice_similarity": 0.6815639760736736,
            "jaccard_similarity": 0.5632854813591375,
            "levenshtein_distance": 18.928421052631577
        },
        "comic_styles": {
            "f1_score": {
                "fun": 0.71875,
                "humor": 0.391304347826087,
                "nonsense": 0.5934065934065934,
                "wit": 0.8493150684931506,
                "irony": 0.5252525252525253,
                "satire": 0.4,
                "sarcasm": 0.6086956521739131,
                "cynicism": 0.2571428571428571
            },
            "f1_macro": 0.5429833805368909,
            "f1_micro": 0.5904761904761905,
            "hamming_loss": 0.40456989247311825
        }
    },
    "gpt-4": {
        "punchlines": {
            "dice_similarity": 0.7301447973895671,
            "jaccard_similarity": 0.6076173390444688,
            "levenshtein_distance": 24.05263157894737
        },
        "comic_styles": {
            "f1_score": {
                "fun": 0.8515111695137977,
                "humor": 0.5561904761904762,
                "nonsense": 0.508235294117647,
                "wit": 0.7623188405797101,
                "irony": 0.5996055226824457,
                "satire": 0.5191489361702127,
                "sarcasm": 0.48427672955974843,
                "cynicism": 0.31213872832369943
            },
            "f1_macro": 0.5741782121422172,
            "f1_micro": 0.6373142542652724,
            "hamming_loss": 0.3468421052631579
        }
    }
}