{
    "gpt-4": {
        "punchlines": {
            "dice_similarity": 0.73,
            "jaccard_similarity": 0.61,
            "levenshtein_distance": 24.05
        },
        "comic_styles": {
            "f1_score": {
                "fun": 0.8515111695137977,
                "humor": 0.5561904761904762,
                "nonsense": 0.508235294117647,
                "wit": 0.7623188405797101,
                "irony": 0.5996055226824457,
                "satire": 0.5191489361702127,
                "sarcasm": 0.48427672955974843,
                "cynicism": 0.31213872832369943
            },
            "f1_macro": 0.5741782121422172,
            "f1_micro": 0.6373142542652724,
            "hamming_loss": 0.3468421052631579
        }
    }
}